model,seed,checkpoint_role,checkpoint_file,checkpoint_sha256,epoch,trained_horizon_validation_accuracy,terminal_t8,terminal_t32,drop_pp
e16_t8,101,selected,results\rebuttal_recursive_tinyimagenet_e16_ttrain8\seed_101_checkpoint.pt,07308de30628103b216c0f9156dd074b14d6ab0e922318a8cdf4b0e249dc9646,3,0.8096,0.8098,0.7605,4.9300000000000015
e16_t8,101,final_epoch,results\rebuttal_recursive_tinyimagenet_e16_ttrain8\seed_101_last.pt,037e76c624e7945a52c67d4abae559d7160292c80bd97aa690168410cd324cf2,30,0.8071,0.8071,0.8012,0.5900000000000016
e16_t8,102,selected,results\rebuttal_recursive_tinyimagenet_e16_ttrain8\seed_102_checkpoint.pt,1efdc2dc2e73e69dfed4ca84d6de803e78b8559cb84a7e2dc8bb33c0b98d3f85,4,0.8084,0.8082,0.7469,6.130000000000003
e16_t8,102,final_epoch,results\rebuttal_recursive_tinyimagenet_e16_ttrain8\seed_102_last.pt,fb1fd9b822ba259e7561b55d68bf1d8a6552a7215cad4b1b1553acce34f84a92,30,0.806,0.8062,0.7996,0.660000000000005
e16_t8,103,selected,results\rebuttal_recursive_tinyimagenet_e16_ttrain8\seed_103_checkpoint.pt,646f651d05b089de31a496b6c7c4c06b16885ca33f46f8c60965a59a8c0c2643,3,0.8084,0.8082,0.7655,4.270000000000007
e16_t8,103,final_epoch,results\rebuttal_recursive_tinyimagenet_e16_ttrain8\seed_103_last.pt,9a455819cf55f7c8adb250dfeb8a8fc37559ec47ebb32bc715764a4326840c60,30,0.8064,0.8067,0.7999,0.6799999999999917
e17_t8,101,selected,results\modern_iterative_panel\attention_t8\seed_101\checkpoint_epoch_05.pt,b74aaa3b4f55e3e1d4ac75fb0d99c4712e55c9f415aa93454aced7342504a99a,5,0.7955,0.7953,0.7683,2.7000000000000024
e17_t8,101,saved_rank_2,results\modern_iterative_panel\attention_t8\seed_101\checkpoint_epoch_04.pt,9e686a45024395cff6b1c17b3129ba7e9dd1f88b6a15124bfc33d4e75e1dfb2f,4,0.7898,0.7891,0.7608,2.829999999999999
e17_t8,101,saved_rank_3,results\modern_iterative_panel\attention_t8\seed_101\checkpoint_epoch_03.pt,ff8b9ee7e9fd45b4b397d337ed19f8941548115ed35af1e0edf0a1f6bcc97ac8,3,0.7856,0.7852,0.7503,3.490000000000004
e17_t8,102,selected,results\modern_iterative_panel\attention_t8\seed_102\checkpoint_epoch_07.pt,77fc11fb81db845ba2a9a014afc8f5e7e265711a3ee48d9b9b6e0fdfbbc664dd,7,0.7961,0.7961,0.7749,2.1199999999999997
e17_t8,102,saved_rank_2,results\modern_iterative_panel\attention_t8\seed_102\checkpoint_epoch_05.pt,1c4ae8c46b17cee234ab5a29569cde6597b1d4729282baae14a03b7da1b7f770,5,0.7932,0.7931,0.7676,2.550000000000008
e17_t8,102,saved_rank_3,results\modern_iterative_panel\attention_t8\seed_102\checkpoint_epoch_04.pt,e04da6508b26421a697133b9d5b86e99c7cf2c96645ee2782d9fdf1418c21f3b,4,0.7925,0.7927,0.7628,2.9899999999999927
e17_t8,103,selected,results\modern_iterative_panel\attention_t8\seed_103\checkpoint_epoch_05.pt,149e712c0609b60bd93fc21814cfe9e4571a14e400796e920d32d02e744b72e3,5,0.7971,0.7972,0.7727,2.4499999999999966
e17_t8,103,saved_rank_2,results\modern_iterative_panel\attention_t8\seed_103\checkpoint_epoch_04.pt,c9466b68a748bd597f09110708f17e933d6e7ca266b582069ce395651627b8b7,4,0.7924,0.793,0.7663,2.6700000000000057
e17_t8,103,saved_rank_3,results\modern_iterative_panel\attention_t8\seed_103\checkpoint_epoch_03.pt,9086afe1f6559a66930e4e1c36cc4db20c2abb988551572aaaf9c08905b40847,3,0.784,0.7838,0.7506,3.3200000000000007
