class_index,wnid,seed_101_t8_accuracy,seed_101_t32_accuracy,seed_101_drop_pp,seed_102_t8_accuracy,seed_102_t32_accuracy,seed_102_drop_pp,seed_103_t8_accuracy,seed_103_t32_accuracy,seed_103_drop_pp,mean_t8_accuracy,mean_t32_accuracy,mean_drop_pp
0,n02124075,0.62,0.68,-6.000000000000005,0.64,0.68,-4.0000000000000036,0.56,0.6,-3.9999999999999925,0.6066666666666667,0.6533333333333333,-4.666666666666663
1,n04067472,0.66,0.5,16.000000000000004,0.7,0.66,3.9999999999999925,0.6,0.58,2.0000000000000018,0.6533333333333333,0.58,7.333333333333336
2,n04540053,0.9,0.84,6.000000000000005,0.84,0.82,2.0000000000000018,0.82,0.82,0.0,0.8533333333333333,0.8266666666666667,2.6666666666666616
3,n04099969,0.78,0.74,4.0000000000000036,0.8,0.76,4.0000000000000036,0.82,0.82,0.0,0.8,0.7733333333333333,2.6666666666666727
4,n07749582,0.74,0.74,0.0,0.82,0.74,7.9999999999999964,0.82,0.8,1.9999999999999907,0.7933333333333333,0.76,3.3333333333333326
5,n01641577,0.76,0.8,-4.0000000000000036,0.74,0.78,-4.0000000000000036,0.68,0.76,-7.9999999999999964,0.7266666666666667,0.78,-5.333333333333334
6,n02802426,0.78,0.78,0.0,0.8,0.78,2.0000000000000018,0.8,0.88,-7.9999999999999964,0.7933333333333333,0.8133333333333334,-2.0000000000000018
7,n09246464,0.62,0.62,0.0,0.76,0.6,16.000000000000004,0.76,0.7,6.000000000000005,0.7133333333333334,0.64,7.333333333333336
8,n07920052,0.92,0.92,0.0,0.98,0.96,2.0000000000000018,0.92,0.92,0.0,0.9400000000000001,0.9333333333333333,0.666666666666671
9,n03970156,0.64,0.6,4.0000000000000036,0.68,0.54,14.000000000000002,0.64,0.54,9.999999999999998,0.6533333333333333,0.56,9.333333333333327
10,n03891332,0.78,0.8,-2.0000000000000018,0.82,0.84,-2.0000000000000018,0.78,0.8,-2.0000000000000018,0.7933333333333333,0.8133333333333334,-2.0000000000000018
11,n02106662,0.84,0.86,-2.0000000000000018,0.82,0.8,1.9999999999999907,0.86,0.86,0.0,0.84,0.84,0.0
12,n03201208,0.9,0.92,-2.0000000000000018,0.84,0.78,5.999999999999995,0.82,0.82,0.0,0.8533333333333333,0.84,1.3333333333333308
13,n02279972,0.92,0.9,2.0000000000000018,0.9,0.9,0.0,0.92,0.94,-1.9999999999999907,0.9133333333333333,0.9133333333333333,0.0
14,n02132136,0.92,0.88,4.0000000000000036,0.88,0.86,2.0000000000000018,0.92,0.86,6.000000000000005,0.9066666666666667,0.8666666666666667,4.0000000000000036
15,n04146614,1.0,1.0,0.0,0.98,0.98,0.0,1.0,1.0,0.0,0.9933333333333333,0.9933333333333333,0.0
16,n07873807,0.78,0.84,-5.999999999999995,0.82,0.84,-2.0000000000000018,0.82,0.9,-8.000000000000007,0.8066666666666666,0.86,-5.333333333333334
17,n02364673,0.88,0.88,0.0,0.92,0.92,0.0,0.9,0.84,6.000000000000005,0.9,0.88,2.0000000000000018
18,n04507155,0.66,0.64,2.0000000000000018,0.6,0.44,15.999999999999998,0.66,0.56,9.999999999999998,0.64,0.5466666666666666,9.333333333333337
19,n03854065,0.88,0.9,-2.0000000000000018,0.78,0.76,2.0000000000000018,0.84,0.82,2.0000000000000018,0.8333333333333334,0.8266666666666667,0.666666666666671
20,n03838899,0.9,0.72,18.000000000000004,0.84,0.7,14.000000000000002,0.82,0.72,9.999999999999998,0.8533333333333333,0.7133333333333333,14.000000000000002
21,n03733131,0.88,0.76,12.0,0.84,0.74,9.999999999999998,0.76,0.7,6.000000000000005,0.8266666666666667,0.7333333333333333,9.333333333333337
22,n01443537,0.96,0.96,0.0,0.96,0.94,2.0000000000000018,0.96,0.92,3.9999999999999925,0.96,0.94,2.0000000000000018
23,n07875152,0.86,0.88,-2.0000000000000018,0.86,0.74,12.0,0.84,0.8,3.9999999999999925,0.8533333333333333,0.8066666666666666,4.666666666666663
24,n03544143,0.96,0.96,0.0,0.96,0.96,0.0,0.96,0.96,0.0,0.96,0.96,0.0
25,n09428293,0.82,0.68,13.99999999999999,0.6,0.32,27.999999999999996,0.62,0.62,0.0,0.6799999999999999,0.54,13.99999999999999
26,n03085013,0.9,0.84,6.000000000000005,0.86,0.78,7.9999999999999964,0.82,0.72,9.999999999999998,0.86,0.78,7.9999999999999964
27,n02437312,0.9,0.84,6.000000000000005,0.92,0.9,2.0000000000000018,0.92,0.9,2.0000000000000018,0.9133333333333333,0.88,3.3333333333333326
28,n07614500,0.84,0.64,19.999999999999996,0.76,0.52,24.0,0.6,0.36,24.0,0.7333333333333333,0.5066666666666667,22.666666666666657
29,n03804744,0.76,0.6,16.000000000000004,0.84,0.72,12.0,0.8,0.68,12.0,0.8,0.6666666666666666,13.333333333333341
30,n04265275,0.78,0.76,2.0000000000000018,0.74,0.74,0.0,0.78,0.72,6.000000000000005,0.7666666666666667,0.74,2.6666666666666727
31,n02963159,0.8,0.74,6.000000000000005,0.72,0.58,14.000000000000002,0.8,0.74,6.000000000000005,0.7733333333333333,0.6866666666666666,8.666666666666668
32,n02486410,0.82,0.7,12.0,0.78,0.8,-2.0000000000000018,0.82,0.72,9.999999999999998,0.8066666666666666,0.74,6.666666666666665
33,n01944390,0.74,0.72,2.0000000000000018,0.78,0.7,8.000000000000007,0.8,0.76,4.0000000000000036,0.7733333333333333,0.7266666666666667,4.666666666666663
34,n09256479,0.84,0.44,40.0,0.82,0.48,34.0,0.82,0.56,25.99999999999999,0.8266666666666667,0.49333333333333335,33.33333333333333
35,n02058221,0.9,0.9,0.0,0.86,0.92,-6.000000000000005,0.86,0.86,0.0,0.8733333333333333,0.8933333333333333,-2.0000000000000018
36,n04275548,0.74,0.76,-2.0000000000000018,0.76,0.68,7.9999999999999964,0.82,0.68,13.99999999999999,0.7733333333333333,0.7066666666666667,6.666666666666665
37,n02321529,0.88,0.84,4.0000000000000036,0.82,0.68,13.99999999999999,0.84,0.84,0.0,0.8466666666666667,0.7866666666666666,6.000000000000005
38,n02769748,0.76,0.7,6.000000000000005,0.7,0.64,5.999999999999995,0.86,0.76,9.999999999999998,0.7733333333333333,0.7,7.333333333333336
39,n02099712,0.64,0.54,9.999999999999998,0.74,0.6,14.000000000000002,0.72,0.58,14.000000000000002,0.7,0.5733333333333334,12.666666666666659
40,n07695742,0.72,0.7,2.0000000000000018,0.74,0.68,5.999999999999995,0.72,0.74,-2.0000000000000018,0.7266666666666667,0.7066666666666667,2.0000000000000018
41,n02056570,0.92,0.96,-3.9999999999999925,0.9,0.96,-5.999999999999995,0.9,0.96,-5.999999999999995,0.9066666666666667,0.96,-5.333333333333323
42,n02281406,0.94,0.96,-2.0000000000000018,0.92,0.98,-5.999999999999995,0.92,0.98,-5.999999999999995,0.9266666666666666,0.9733333333333333,-4.666666666666663
43,n01774750,0.76,0.72,4.0000000000000036,0.7,0.66,3.9999999999999925,0.66,0.56,9.999999999999998,0.7066666666666667,0.6466666666666667,5.999999999999995
44,n02509815,0.96,0.98,-2.0000000000000018,0.94,0.98,-4.0000000000000036,0.94,0.98,-4.0000000000000036,0.9466666666666667,0.98,-3.3333333333333326
45,n03983396,0.6,0.48,12.0,0.6,0.62,-2.0000000000000018,0.58,0.52,5.999999999999995,0.5933333333333333,0.54,5.333333333333323
46,n07753592,0.82,0.82,0.0,0.72,0.52,19.999999999999996,0.78,0.72,6.000000000000005,0.7733333333333333,0.6866666666666666,8.666666666666668
47,n04254777,0.88,0.9,-2.0000000000000018,0.9,0.92,-2.0000000000000018,0.92,0.9,2.0000000000000018,0.9,0.9066666666666667,-0.666666666666671
48,n02233338,0.8,0.62,18.000000000000004,0.78,0.66,12.0,0.78,0.68,9.999999999999998,0.7866666666666667,0.6533333333333333,13.333333333333341
49,n04008634,0.74,0.68,5.999999999999995,0.82,0.76,5.999999999999995,0.82,0.8,1.9999999999999907,0.7933333333333333,0.7466666666666667,4.666666666666663
50,n02823428,0.82,0.86,-4.0000000000000036,0.78,0.74,4.0000000000000036,0.8,0.8,0.0,0.8,0.8,0.0
51,n02236044,0.8,0.92,-12.0,0.72,0.6,12.0,0.76,0.8,-4.0000000000000036,0.76,0.7733333333333333,-1.3333333333333308
52,n03393912,0.94,0.94,0.0,0.94,0.94,0.0,0.9,0.9,0.0,0.9266666666666666,0.9266666666666666,0.0
53,n07583066,0.8,0.82,-1.9999999999999907,0.84,0.8,3.9999999999999925,0.86,0.82,4.0000000000000036,0.8333333333333334,0.8133333333333334,2.0000000000000018
54,n04074963,0.86,0.86,0.0,0.86,0.86,0.0,0.88,0.88,0.0,0.8666666666666667,0.8666666666666667,0.0
55,n01629819,0.84,0.86,-2.0000000000000018,0.92,0.86,6.000000000000005,0.8,0.8,0.0,0.8533333333333334,0.84,1.333333333333342
56,n09332890,0.66,0.54,12.0,0.8,0.6,20.000000000000007,0.58,0.36,21.999999999999996,0.68,0.5,18.000000000000004
57,n02481823,0.96,0.92,3.9999999999999925,0.9,0.92,-2.0000000000000018,0.88,0.88,0.0,0.9133333333333333,0.9066666666666667,0.6666666666666599
58,n03902125,0.74,0.72,2.0000000000000018,0.8,0.88,-7.9999999999999964,0.78,0.82,-3.9999999999999925,0.7733333333333333,0.8066666666666666,-3.3333333333333326
59,n03404251,0.82,0.88,-6.000000000000005,0.72,0.6,12.0,0.8,0.74,6.000000000000005,0.78,0.74,4.0000000000000036
60,n09193705,0.92,0.72,20.000000000000007,0.84,0.34,49.99999999999999,0.88,0.82,6.000000000000005,0.88,0.6266666666666667,25.33333333333333
61,n03637318,0.8,0.76,4.0000000000000036,0.84,0.72,12.0,0.8,0.68,12.0,0.8133333333333334,0.72,9.333333333333337
62,n04456115,0.92,0.92,0.0,0.92,0.92,0.0,0.94,0.94,0.0,0.9266666666666666,0.9266666666666666,0.0
63,n02666196,0.74,0.78,-4.0000000000000036,0.78,0.78,0.0,0.76,0.82,-5.999999999999995,0.76,0.7933333333333333,-3.3333333333333326
64,n03796401,0.9,0.86,4.0000000000000036,0.9,0.92,-2.0000000000000018,0.88,0.9,-2.0000000000000018,0.8933333333333333,0.8933333333333333,0.0
65,n02795169,0.78,0.74,4.0000000000000036,0.74,0.64,9.999999999999998,0.72,0.64,7.9999999999999964,0.7466666666666667,0.6733333333333333,7.333333333333336
66,n02123045,0.74,0.4,34.0,0.68,0.34,34.0,0.78,0.62,16.000000000000004,0.7333333333333334,0.45333333333333337,28.000000000000004
67,n01855672,0.9,0.84,6.000000000000005,0.9,0.9,0.0,0.9,0.9,0.0,0.9,0.88,2.0000000000000018
68,n01882714,0.92,0.9,2.0000000000000018,0.92,0.92,0.0,0.96,0.96,0.0,0.9333333333333333,0.9266666666666666,0.666666666666671
69,n02917067,0.94,0.96,-2.0000000000000018,0.98,1.0,-2.0000000000000018,0.94,0.98,-4.0000000000000036,0.9533333333333333,0.98,-2.6666666666666727
70,n02988304,0.76,0.7,6.000000000000005,0.74,0.7,4.0000000000000036,0.84,0.72,12.0,0.78,0.7066666666666667,7.333333333333336
71,n04398044,0.86,0.88,-2.0000000000000018,0.82,0.82,0.0,0.88,0.92,-4.0000000000000036,0.8533333333333333,0.8733333333333333,-2.0000000000000018
72,n02843684,0.82,0.82,0.0,0.84,0.8,3.9999999999999925,0.82,0.8,1.9999999999999907,0.8266666666666667,0.8066666666666666,2.0000000000000018
73,n02423022,0.92,0.94,-1.9999999999999907,0.96,0.92,3.9999999999999925,0.96,0.92,3.9999999999999925,0.9466666666666667,0.9266666666666666,2.0000000000000018
74,n02669723,0.9,0.9,0.0,0.86,0.84,2.0000000000000018,0.84,0.8,3.9999999999999925,0.8666666666666667,0.8466666666666667,2.0000000000000018
75,n04465501,0.76,0.68,7.9999999999999964,0.76,0.7,6.000000000000005,0.8,0.76,4.0000000000000036,0.7733333333333333,0.7133333333333334,5.999999999999995
76,n02165456,0.9,0.94,-3.9999999999999925,0.9,0.92,-2.0000000000000018,0.88,0.96,-7.9999999999999964,0.8933333333333333,0.94,-4.666666666666663
77,n03770439,0.72,0.7,2.0000000000000018,0.7,0.36,34.0,0.72,0.56,15.999999999999993,0.7133333333333333,0.54,17.33333333333332
78,n02099601,0.86,0.86,0.0,0.82,0.82,0.0,0.8,0.84,-3.9999999999999925,0.8266666666666667,0.84,-1.3333333333333308
79,n04486054,0.98,0.98,0.0,0.98,0.98,0.0,0.96,0.96,0.0,0.9733333333333333,0.9733333333333333,0.0
80,n02950826,0.82,0.76,5.999999999999995,0.8,0.7,10.000000000000009,0.8,0.72,8.000000000000007,0.8066666666666666,0.7266666666666667,7.9999999999999964
81,n03814639,0.82,0.82,0.0,0.8,0.78,2.0000000000000018,0.8,0.78,2.0000000000000018,0.8066666666666666,0.7933333333333333,1.3333333333333308
82,n04259630,0.76,0.72,4.0000000000000036,0.84,0.78,5.999999999999995,0.78,0.8,-2.0000000000000018,0.7933333333333333,0.7666666666666667,2.6666666666666616
83,n03424325,0.78,0.7,8.000000000000007,0.78,0.78,0.0,0.88,0.8,7.9999999999999964,0.8133333333333334,0.76,5.333333333333334
84,n02948072,0.72,0.68,3.9999999999999925,0.72,0.6,12.0,0.72,0.82,-9.999999999999998,0.72,0.7,2.0000000000000018
85,n03179701,0.66,0.48,18.000000000000004,0.76,0.68,7.9999999999999964,0.72,0.44,27.999999999999996,0.7133333333333334,0.5333333333333333,18.000000000000004
86,n03400231,0.74,0.52,21.999999999999996,0.84,0.78,5.999999999999995,0.66,0.4,26.0,0.7466666666666667,0.5666666666666667,18.000000000000004
87,n02206856,0.8,0.68,12.0,0.9,0.76,14.000000000000002,0.84,0.64,19.999999999999996,0.8466666666666667,0.6933333333333334,15.333333333333332
88,n03160309,0.74,0.68,5.999999999999995,0.68,0.68,0.0,0.76,0.74,2.0000000000000018,0.7266666666666667,0.7000000000000001,2.6666666666666616
89,n01984695,0.64,0.62,2.0000000000000018,0.68,0.68,0.0,0.74,0.66,7.9999999999999964,0.6866666666666666,0.6533333333333333,3.3333333333333326
90,n03977966,0.88,0.88,0.0,0.86,0.84,2.0000000000000018,0.88,0.88,0.0,0.8733333333333333,0.8666666666666667,0.6666666666666599
91,n03584254,0.86,0.84,2.0000000000000018,0.86,0.8,5.999999999999995,0.88,0.88,0.0,0.8666666666666667,0.84,2.6666666666666727
92,n04023962,0.8,0.72,8.000000000000007,0.82,0.72,9.999999999999998,0.78,0.74,4.0000000000000036,0.8,0.7266666666666667,7.333333333333336
93,n02814860,0.94,0.92,1.9999999999999907,0.92,0.9,2.0000000000000018,0.94,0.92,1.9999999999999907,0.9333333333333333,0.9133333333333333,2.0000000000000018
94,n01910747,0.94,0.94,0.0,0.9,0.88,2.0000000000000018,0.9,0.92,-2.0000000000000018,0.9133333333333333,0.9133333333333333,0.0
95,n04596742,0.64,0.68,-4.0000000000000036,0.66,0.64,2.0000000000000018,0.76,0.8,-4.0000000000000036,0.6866666666666666,0.7066666666666667,-2.0000000000000018
96,n03992509,0.86,0.8,5.999999999999995,0.86,0.8,5.999999999999995,0.86,0.82,4.0000000000000036,0.86,0.8066666666666666,5.333333333333334
97,n04133789,0.78,0.74,4.0000000000000036,0.8,0.78,2.0000000000000018,0.76,0.78,-2.0000000000000018,0.78,0.7666666666666667,1.3333333333333308
98,n03937543,0.86,0.88,-2.0000000000000018,0.86,0.92,-6.000000000000005,0.86,0.82,4.0000000000000036,0.86,0.8733333333333333,-1.3333333333333308
99,n02927161,0.8,0.78,2.0000000000000018,0.84,0.8,3.9999999999999925,0.76,0.7,6.000000000000005,0.8,0.76,4.0000000000000036
100,n01945685,0.72,0.68,3.9999999999999925,0.72,0.74,-2.0000000000000018,0.72,0.74,-2.0000000000000018,0.72,0.72,0.0
101,n02395406,0.8,0.52,28.000000000000004,0.84,0.74,9.999999999999998,0.78,0.66,12.0,0.8066666666666666,0.64,16.666666666666664
102,n02125311,0.84,0.86,-2.0000000000000018,0.86,0.86,0.0,0.82,0.72,9.999999999999998,0.84,0.8133333333333334,2.6666666666666616
103,n03126707,0.78,0.58,20.000000000000007,0.82,0.62,19.999999999999996,0.72,0.66,5.999999999999995,0.7733333333333333,0.62,15.333333333333332
104,n04532106,0.74,0.5,24.0,0.8,0.62,18.000000000000004,0.84,0.74,9.999999999999998,0.7933333333333333,0.62,17.333333333333336
105,n02268443,0.8,0.7,10.000000000000009,0.76,0.74,2.0000000000000018,0.66,0.48,18.000000000000004,0.74,0.64,9.999999999999998
106,n02977058,0.78,0.54,24.0,0.78,0.76,2.0000000000000018,0.88,0.82,6.000000000000005,0.8133333333333334,0.7066666666666667,10.666666666666668
107,n07734744,0.9,0.84,6.000000000000005,0.9,0.82,8.000000000000007,0.88,0.8,7.9999999999999964,0.8933333333333333,0.82,7.333333333333336
108,n03599486,0.86,0.86,0.0,0.92,0.86,6.000000000000005,0.88,0.88,0.0,0.8866666666666667,0.8666666666666667,2.0000000000000018
109,n04562935,0.92,0.9,2.0000000000000018,0.88,0.9,-2.0000000000000018,0.92,0.9,2.0000000000000018,0.9066666666666667,0.9,0.666666666666671
110,n03014705,0.86,0.84,2.0000000000000018,0.82,0.78,3.9999999999999925,0.88,0.86,2.0000000000000018,0.8533333333333333,0.8266666666666667,2.6666666666666616
111,n04251144,0.7,0.66,3.9999999999999925,0.72,0.7,2.0000000000000018,0.62,0.56,5.999999999999995,0.6799999999999999,0.64,3.9999999999999925
112,n04356056,0.76,0.7,6.000000000000005,0.76,0.56,19.999999999999996,0.74,0.72,2.0000000000000018,0.7533333333333333,0.66,9.333333333333327
113,n02190166,0.74,0.78,-4.0000000000000036,0.66,0.48,18.000000000000004,0.84,0.82,2.0000000000000018,0.7466666666666667,0.6933333333333334,5.333333333333334
114,n03670208,0.7,0.68,1.9999999999999907,0.64,0.52,12.0,0.7,0.62,7.9999999999999964,0.6799999999999999,0.6066666666666667,7.333333333333325
115,n02002724,0.86,0.84,2.0000000000000018,0.86,0.86,0.0,0.92,0.9,2.0000000000000018,0.88,0.8666666666666667,1.3333333333333308
116,n02074367,0.98,0.92,5.999999999999995,1.0,0.96,4.0000000000000036,0.98,0.96,2.0000000000000018,0.9866666666666667,0.9466666666666667,4.0000000000000036
117,n04285008,0.72,0.64,7.9999999999999964,0.8,0.72,8.000000000000007,0.78,0.76,2.0000000000000018,0.7666666666666667,0.7066666666666667,6.000000000000005
118,n04560804,0.62,0.34,27.999999999999996,0.62,0.52,9.999999999999998,0.72,0.68,3.9999999999999925,0.6533333333333333,0.5133333333333334,13.99999999999999
119,n04366367,0.74,0.78,-4.0000000000000036,0.74,0.66,7.9999999999999964,0.84,0.78,5.999999999999995,0.7733333333333333,0.74,3.3333333333333326
120,n02403003,0.76,0.68,7.9999999999999964,0.78,0.66,12.0,0.74,0.6,14.000000000000002,0.76,0.6466666666666667,11.333333333333329
121,n07615774,0.72,0.64,7.9999999999999964,0.76,0.7,6.000000000000005,0.66,0.66,0.0,0.7133333333333334,0.6666666666666666,4.666666666666675
122,n04501370,0.8,0.8,0.0,0.84,0.8,3.9999999999999925,0.82,0.8,1.9999999999999907,0.82,0.8,1.9999999999999907
123,n03026506,0.9,0.9,0.0,0.88,0.9,-2.0000000000000018,0.88,0.88,0.0,0.8866666666666667,0.8933333333333333,-0.6666666666666599
124,n02906734,0.74,0.64,9.999999999999998,0.74,0.58,16.000000000000004,0.68,0.52,16.000000000000004,0.72,0.58,14.000000000000002
125,n01770393,0.74,0.48,26.0,0.68,0.54,14.000000000000002,0.78,0.68,9.999999999999998,0.7333333333333334,0.5666666666666667,16.666666666666675
126,n04597913,0.68,0.62,6.000000000000005,0.5,0.5,0.0,0.74,0.7,4.0000000000000036,0.64,0.6066666666666667,3.3333333333333326
127,n03930313,0.86,0.82,4.0000000000000036,0.9,0.88,2.0000000000000018,0.84,0.86,-2.0000000000000018,0.8666666666666667,0.8533333333333333,1.333333333333342
128,n04118538,0.94,0.9,3.9999999999999925,0.9,0.92,-2.0000000000000018,0.9,0.88,2.0000000000000018,0.9133333333333333,0.9,1.3333333333333308
129,n04179913,0.84,0.88,-4.0000000000000036,0.84,0.82,2.0000000000000018,0.84,0.84,0.0,0.84,0.8466666666666667,-0.666666666666671
130,n04311004,0.74,0.7,4.0000000000000036,0.7,0.68,1.9999999999999907,0.72,0.72,0.0,0.72,0.7,2.0000000000000018
131,n02123394,0.88,0.86,2.0000000000000018,0.84,0.86,-2.0000000000000018,0.8,0.88,-7.9999999999999964,0.84,0.8666666666666667,-2.6666666666666727
132,n04070727,0.82,0.84,-2.0000000000000018,0.84,0.78,5.999999999999995,0.7,0.72,-2.0000000000000018,0.7866666666666666,0.78,0.6666666666666599
133,n02793495,0.86,0.8,5.999999999999995,0.78,0.78,0.0,0.82,0.8,1.9999999999999907,0.82,0.7933333333333333,2.6666666666666616
134,n02730930,0.74,0.56,17.999999999999993,0.66,0.5,16.000000000000004,0.74,0.64,9.999999999999998,0.7133333333333334,0.5666666666666667,14.666666666666671
135,n02094433,0.94,0.92,1.9999999999999907,0.94,0.94,0.0,0.94,0.96,-2.0000000000000018,0.94,0.94,0.0
136,n04371430,0.82,0.6,21.999999999999996,0.8,0.72,8.000000000000007,0.78,0.72,6.000000000000005,0.8,0.6799999999999999,12.00000000000001
137,n04328186,0.82,0.8,1.9999999999999907,0.84,0.84,0.0,0.82,0.84,-2.0000000000000018,0.8266666666666667,0.8266666666666667,0.0
138,n03649909,0.76,0.68,7.9999999999999964,0.76,0.68,7.9999999999999964,0.68,0.56,12.0,0.7333333333333334,0.64,9.333333333333337
139,n04417672,0.76,0.62,14.000000000000002,0.84,0.6,24.0,0.86,0.76,9.999999999999998,0.82,0.66,15.999999999999993
140,n03388043,0.88,0.8,7.9999999999999964,0.8,0.68,12.0,0.86,0.72,14.000000000000002,0.8466666666666667,0.7333333333333334,11.333333333333329
141,n01774384,0.96,0.94,2.0000000000000018,0.94,0.96,-2.0000000000000018,0.92,0.94,-1.9999999999999907,0.94,0.9466666666666667,-0.666666666666671
142,n02837789,0.86,0.9,-4.0000000000000036,0.78,0.68,9.999999999999998,0.8,0.74,6.000000000000005,0.8133333333333334,0.7733333333333333,4.0000000000000036
143,n07579787,0.62,0.26,36.0,0.7,0.34,35.99999999999999,0.68,0.4,28.000000000000004,0.6666666666666666,0.33333333333333337,33.33333333333333
144,n04399382,0.92,0.92,0.0,0.88,0.9,-2.0000000000000018,0.92,0.9,2.0000000000000018,0.9066666666666667,0.9066666666666667,0.0
145,n02791270,0.72,0.66,5.999999999999995,0.72,0.6,12.0,0.72,0.7,2.0000000000000018,0.72,0.6533333333333333,6.666666666666665
146,n03089624,0.68,0.46,22.000000000000004,0.68,0.52,16.000000000000004,0.76,0.4,36.0,0.7066666666666667,0.46,24.666666666666664
147,n02814533,0.76,0.78,-2.0000000000000018,0.84,0.82,2.0000000000000018,0.72,0.76,-4.0000000000000036,0.7733333333333333,0.7866666666666666,-1.3333333333333308
148,n04149813,0.92,0.9,2.0000000000000018,0.92,0.92,0.0,0.88,0.88,0.0,0.9066666666666667,0.9,0.666666666666671
149,n07747607,0.76,0.8,-4.0000000000000036,0.78,0.76,2.0000000000000018,0.74,0.78,-4.0000000000000036,0.76,0.78,-2.0000000000000018
150,n03355925,0.82,0.86,-4.0000000000000036,0.86,0.82,4.0000000000000036,0.86,0.88,-2.0000000000000018,0.8466666666666667,0.8533333333333333,-0.6666666666666599
151,n01983481,0.8,0.76,4.0000000000000036,0.84,0.8,3.9999999999999925,0.84,0.86,-2.0000000000000018,0.8266666666666667,0.8066666666666666,2.0000000000000018
152,n04487081,0.9,0.9,0.0,0.92,0.94,-1.9999999999999907,0.9,0.94,-3.9999999999999925,0.9066666666666667,0.9266666666666666,-1.9999999999999907
153,n03250847,0.74,0.74,0.0,0.7,0.58,12.0,0.76,0.62,14.000000000000002,0.7333333333333333,0.6466666666666666,8.666666666666668
154,n03255030,0.84,0.7,14.000000000000002,0.86,0.74,12.0,0.8,0.76,4.0000000000000036,0.8333333333333334,0.7333333333333333,10.000000000000009
155,n02892201,0.86,0.86,0.0,0.84,0.82,2.0000000000000018,0.84,0.72,12.0,0.8466666666666667,0.7999999999999999,4.666666666666675
156,n02883205,0.8,0.7,10.000000000000009,0.74,0.64,9.999999999999998,0.74,0.7,4.0000000000000036,0.76,0.6799999999999999,8.000000000000007
157,n03100240,0.84,0.86,-2.0000000000000018,0.7,0.66,3.9999999999999925,0.8,0.82,-1.9999999999999907,0.78,0.78,0.0
158,n02415577,0.88,0.86,2.0000000000000018,0.86,0.86,0.0,0.88,0.88,0.0,0.8733333333333333,0.8666666666666667,0.6666666666666599
159,n02480495,0.88,0.92,-4.0000000000000036,0.86,0.84,2.0000000000000018,0.92,0.9,2.0000000000000018,0.8866666666666667,0.8866666666666667,0.0
160,n01698640,0.82,0.76,5.999999999999995,0.72,0.6,12.0,0.78,0.62,16.000000000000004,0.7733333333333333,0.66,11.333333333333329
161,n01784675,0.78,0.74,4.0000000000000036,0.78,0.64,14.000000000000002,0.78,0.78,0.0,0.78,0.72,6.000000000000005
162,n04376876,0.54,0.46,8.000000000000002,0.6,0.52,7.9999999999999964,0.54,0.36,18.000000000000004,0.56,0.44666666666666666,11.33333333333334
163,n03444034,0.88,0.92,-4.0000000000000036,0.9,0.9,0.0,0.9,0.92,-2.0000000000000018,0.8933333333333333,0.9133333333333333,-2.0000000000000018
164,n01917289,0.9,0.94,-3.9999999999999925,0.84,0.88,-4.0000000000000036,0.84,0.92,-8.000000000000007,0.86,0.9133333333333333,-5.333333333333334
165,n01950731,0.76,0.8,-4.0000000000000036,0.86,0.82,4.0000000000000036,0.92,0.88,4.0000000000000036,0.8466666666666667,0.8333333333333334,1.3333333333333308
166,n03042490,0.7,0.68,1.9999999999999907,0.8,0.78,2.0000000000000018,0.76,0.74,2.0000000000000018,0.7533333333333333,0.7333333333333334,1.9999999999999907
167,n07711569,0.52,0.58,-5.999999999999995,0.7,0.8,-10.000000000000009,0.62,0.62,0.0,0.6133333333333333,0.6666666666666666,-5.333333333333334
168,n04532670,0.84,0.9,-6.000000000000005,0.82,0.88,-6.000000000000005,0.82,0.88,-6.000000000000005,0.8266666666666667,0.8866666666666667,-6.000000000000005
169,n03763968,0.64,0.52,12.0,0.8,0.62,18.000000000000004,0.72,0.42,30.0,0.72,0.52,19.999999999999996
170,n07768694,0.9,0.88,2.0000000000000018,0.88,0.92,-4.0000000000000036,0.86,0.9,-4.0000000000000036,0.88,0.9,-2.0000000000000018
171,n02999410,0.7,0.62,7.9999999999999964,0.68,0.56,12.0,0.7,0.66,3.9999999999999925,0.6933333333333334,0.6133333333333334,7.9999999999999964
172,n03617480,0.84,0.76,7.9999999999999964,0.84,0.8,3.9999999999999925,0.82,0.76,5.999999999999995,0.8333333333333333,0.7733333333333333,5.999999999999995
173,n06596364,0.96,0.94,2.0000000000000018,0.92,0.9,2.0000000000000018,0.92,0.9,2.0000000000000018,0.9333333333333333,0.9133333333333333,2.0000000000000018
174,n01768244,0.9,0.86,4.0000000000000036,0.82,0.74,7.9999999999999964,0.86,0.78,7.9999999999999964,0.86,0.7933333333333333,6.666666666666665
175,n02410509,0.92,0.94,-1.9999999999999907,0.9,0.92,-2.0000000000000018,0.92,0.96,-3.9999999999999925,0.9133333333333333,0.94,-2.6666666666666616
176,n03976657,0.42,0.12,30.0,0.58,0.46,11.999999999999995,0.6,0.44,15.999999999999998,0.5333333333333333,0.34,19.33333333333333
177,n01742172,0.8,0.6,20.000000000000007,0.82,0.74,7.9999999999999964,0.76,0.68,7.9999999999999964,0.7933333333333333,0.6733333333333333,12.0
178,n03980874,0.8,0.8,0.0,0.84,0.84,0.0,0.8,0.72,8.000000000000007,0.8133333333333334,0.7866666666666666,2.6666666666666727
179,n02808440,0.8,0.56,24.0,0.86,0.8,5.999999999999995,0.84,0.72,12.0,0.8333333333333334,0.6933333333333334,14.000000000000002
180,n02226429,0.66,0.64,2.0000000000000018,0.8,0.82,-1.9999999999999907,0.78,0.84,-5.999999999999995,0.7466666666666667,0.7666666666666666,-1.9999999999999907
181,n02231487,0.74,0.52,21.999999999999996,0.66,0.58,8.000000000000007,0.62,0.4,21.999999999999996,0.6733333333333333,0.5,17.333333333333336
182,n02085620,0.8,0.7,10.000000000000009,0.72,0.66,5.999999999999995,0.78,0.66,12.0,0.7666666666666667,0.6733333333333333,9.333333333333337
183,n01644900,0.7,0.48,21.999999999999996,0.76,0.24,52.0,0.68,0.64,4.0000000000000036,0.7133333333333334,0.4533333333333333,26.000000000000007
184,n02129165,0.84,0.84,0.0,0.86,0.86,0.0,0.84,0.84,0.0,0.8466666666666667,0.8466666666666667,0.0
185,n02699494,0.76,0.68,7.9999999999999964,0.82,0.8,1.9999999999999907,0.78,0.66,12.0,0.7866666666666666,0.7133333333333334,7.333333333333325
186,n03837869,0.94,0.92,1.9999999999999907,0.92,0.92,0.0,0.92,0.94,-1.9999999999999907,0.9266666666666666,0.9266666666666666,0.0
187,n02815834,0.82,0.82,0.0,0.8,0.78,2.0000000000000018,0.88,0.84,4.0000000000000036,0.8333333333333334,0.8133333333333334,2.0000000000000018
188,n07720875,0.92,0.96,-3.9999999999999925,0.94,0.96,-2.0000000000000018,0.92,0.96,-3.9999999999999925,0.9266666666666666,0.96,-3.3333333333333326
189,n02788148,0.72,0.58,14.000000000000002,0.62,0.44,18.0,0.68,0.54,14.000000000000002,0.6733333333333333,0.52,15.333333333333332
190,n02909870,0.78,0.66,12.0,0.72,0.68,3.9999999999999925,0.78,0.68,9.999999999999998,0.76,0.6733333333333333,8.666666666666668
191,n03706229,0.8,0.78,2.0000000000000018,0.82,0.7,12.0,0.8,0.8,0.0,0.8066666666666666,0.76,4.666666666666663
192,n07871810,0.8,0.78,2.0000000000000018,0.68,0.36,32.00000000000001,0.8,0.74,6.000000000000005,0.76,0.6266666666666667,13.33333333333333
193,n03447447,0.94,0.96,-2.0000000000000018,0.96,0.96,0.0,0.98,0.94,4.0000000000000036,0.96,0.9533333333333333,0.666666666666671
194,n02113799,0.82,0.78,3.9999999999999925,0.82,0.8,1.9999999999999907,0.8,0.78,2.0000000000000018,0.8133333333333334,0.7866666666666667,2.6666666666666616
195,n12267677,0.84,0.78,5.999999999999995,0.74,0.74,0.0,0.84,0.78,5.999999999999995,0.8066666666666666,0.7666666666666667,3.9999999999999925
196,n03662601,0.92,0.94,-1.9999999999999907,0.92,0.92,0.0,0.94,0.92,1.9999999999999907,0.9266666666666666,0.9266666666666666,0.0
197,n02841315,0.84,0.78,5.999999999999995,0.88,0.66,21.999999999999996,0.86,0.82,4.0000000000000036,0.86,0.7533333333333333,10.666666666666668
198,n07715103,0.74,0.72,2.0000000000000018,0.8,0.84,-3.9999999999999925,0.78,0.8,-2.0000000000000018,0.7733333333333333,0.7866666666666666,-1.3333333333333308
199,n02504458,0.86,0.84,2.0000000000000018,0.86,0.8,5.999999999999995,0.86,0.86,0.0,0.86,0.8333333333333334,2.6666666666666616
